{"cameraMode":{"drawMode":0,"name":"Shaded","section":"Shading Mode"},"sceneLighting":true,"audioPlay":false,"sceneViewState":{"showFog":true,"showMaterialUpdate":false,"showSkybox":true,"showFlares":true,"showImageEffects":true,"showParticleSystems":true},"in2DMode":false,"pivot":{"x":739.9839477539063,"y":-1996.4306640625,"z":2074.0830078125},"rotation":{"x":0.39312005043029787,"y":0.12167372554540634,"z":-0.05256808176636696,"w":0.9098839163780212},"size":2877.912841796875,"orthographic":false}