{"cameraMode":{"drawMode":0,"name":"Shaded","section":"Shading Mode"},"sceneLighting":true,"audioPlay":false,"sceneViewState":{"showFog":true,"showMaterialUpdate":false,"showSkybox":true,"showFlares":true,"showImageEffects":true,"showParticleSystems":true},"in2DMode":false,"pivot":{"x":739.4868774414063,"y":-232.3768768310547,"z":291.805419921875},"rotation":{"x":0.15973415970802308,"y":0.6610390543937683,"z":-0.14700664579868318,"w":0.718262791633606},"size":561.8802490234375,"orthographic":false}