{"cameraMode":{"drawMode":0,"name":"Shaded","section":"Shading Mode"},"sceneLighting":true,"audioPlay":false,"sceneViewState":{"showFog":true,"showMaterialUpdate":false,"showSkybox":true,"showFlares":true,"showImageEffects":true,"showParticleSystems":true},"in2DMode":false,"pivot":{"x":231.42994689941407,"y":28.172992706298829,"z":314.64471435546877},"rotation":{"x":-0.1461205631494522,"y":-0.23005127906799317,"z":0.03496004268527031,"w":-0.9615108370780945},"size":6.9993462562561039,"orthographic":false}